-- Database: "QueixasNaNetDB"

-- DROP DATABASE "QueixasNaNetDB";

CREATE DATABASE "QueixasNaNetDB"
  WITH OWNER = "queixaUser"
       ENCODING = 'UTF8'
       TABLESPACE = pg_default
       LC_COLLATE = 'Portuguese_Portugal.1252'
       LC_CTYPE = 'Portuguese_Portugal.1252'
       CONNECTION LIMIT = -1;

--inserts
INSERT INTO USER_COMPLAIN (NICKNAME, USER_NAME, USER_EMAIL, USER_TYPE, USER_PASS) VALUES
('Admin', 'Admin_user', 'pi.queixasnanet.g2@gmail.com', 'admin', '123456');

INSERT INTO USER_COMPLAIN (NICKNAME, USER_NAME, USER_EMAIL, USER_TYPE, USER_PASS) VALUES
('Afonso', 'Diogo Afonso', 'pi.queixasnanet.g2@gmail.com', 'authenticated', '456789');

INSERT INTO USER_COMPLAIN (NICKNAME, USER_NAME, USER_EMAIL, USER_TYPE, USER_PASS) VALUES
('Luis', 'Luis Pinto', 'pi.queixasnanet.g2@gmail.com', 'authenticated', 'qwerty');

INSERT INTO USER_COMPLAIN (NICKNAME, USER_NAME, USER_EMAIL, USER_TYPE, USER_PASS) VALUES
('Gonçalo', 'Gonçalo Domingues', 'pi.queixasnanet.g2@gmail.com', 'authenticated', 'zxcvbn');

INSERT INTO USER_COMPLAIN (NICKNAME, USER_NAME, USER_EMAIL, USER_TYPE, USER_PASS) VALUES
('Luz', 'André Luz', 'pi.queixasnanet.g2@gmail.com', 'authenticated', 'asdfgh');



INSERT INTO CATEGORY (TITLE) VALUES ('outros');
INSERT INTO CATEGORY (TITLE) VALUES ('Sociedade');
INSERT INTO CATEGORY (TITLE) VALUES ('Política');
INSERT INTO CATEGORY (TITLE) VALUES ('Desporto');
INSERT INTO CATEGORY (TITLE) VALUES ('Ensino');
INSERT INTO CATEGORY (TITLE) VALUES ('Educação');
INSERT INTO CATEGORY (TITLE) VALUES ('Saúde');
INSERT INTO CATEGORY (TITLE) VALUES ('Transporte');



INSERT INTO LOCATION_COMPLAIN (LOCAL_COMPLAIN) VALUES ('outra');
INSERT INTO LOCATION_COMPLAIN (LOCAL_COMPLAIN) VALUES ('Aveiro');
INSERT INTO LOCATION_COMPLAIN (LOCAL_COMPLAIN) VALUES ('Beja');
INSERT INTO LOCATION_COMPLAIN (LOCAL_COMPLAIN) VALUES ('Braga');
INSERT INTO LOCATION_COMPLAIN (LOCAL_COMPLAIN) VALUES ('Castelo Branco');
INSERT INTO LOCATION_COMPLAIN (LOCAL_COMPLAIN) VALUES ('Coimbra');
INSERT INTO LOCATION_COMPLAIN (LOCAL_COMPLAIN) VALUES ('Évora');
INSERT INTO LOCATION_COMPLAIN (LOCAL_COMPLAIN) VALUES ('Faro');
INSERT INTO LOCATION_COMPLAIN (LOCAL_COMPLAIN) VALUES ('Guarda');
INSERT INTO LOCATION_COMPLAIN (LOCAL_COMPLAIN) VALUES ('Leiria');
INSERT INTO LOCATION_COMPLAIN (LOCAL_COMPLAIN) VALUES ('Lisboa');
INSERT INTO LOCATION_COMPLAIN (LOCAL_COMPLAIN) VALUES ('Portalegre');
INSERT INTO LOCATION_COMPLAIN (LOCAL_COMPLAIN) VALUES ('Porto');
INSERT INTO LOCATION_COMPLAIN (LOCAL_COMPLAIN) VALUES ('Santarém');
INSERT INTO LOCATION_COMPLAIN (LOCAL_COMPLAIN) VALUES ('Setúbal');
INSERT INTO LOCATION_COMPLAIN (LOCAL_COMPLAIN) VALUES ('Viana do Castelo');
INSERT INTO LOCATION_COMPLAIN (LOCAL_COMPLAIN) VALUES ('Vila Real');
INSERT INTO LOCATION_COMPLAIN (LOCAL_COMPLAIN) VALUES ('Viseu');



INSERT INTO COMPLAIN (TITLE, USER_NICK, COMPLAINUP, COMPLAINDOWN, CATEGORY_TITLE, LOCAL_COMP, DESCR) 
VALUES ('A junta de freguesia não paga nada', 'Gonçalo' , 13, -5, 'Política', 'Santarém', 'Os políticos são todos os mesmos!'); --1

INSERT INTO COMPLAIN (TITLE, USER_NICK, COMPLAINUP, COMPLAINDOWN, CATEGORY_TITLE, LOCAL_COMP) 
VALUES ('Futsal é o que está a dar', 'Luis' , 9, -2, 'Desporto', 'Santarém'); --2

INSERT INTO COMPLAIN (TITLE, USER_NICK, COMPLAINUP, COMPLAINDOWN, CATEGORY_TITLE, LOCAL_COMP, DESCR) 
VALUES ('Greve nas escolas','Afonso' , 24, -11, 'Educação', 'Santarém', 'Falta de condições dá nisto!'); --3

INSERT INTO COMPLAIN (TITLE, USER_NICK, COMPLAINUP, COMPLAINDOWN, CATEGORY_TITLE, LOCAL_COMP) 
VALUES ('Queremos mais salas!','Luz' , 10, -5, 'Educação', 'Santarém'); --4

INSERT INTO COMPLAIN (TITLE, USER_NICK, COMPLAINUP, COMPLAINDOWN, CATEGORY_TITLE, LOCAL_COMP, DESCR) 
VALUES ('Greve no metro','Afonso' , 33, -14, 'Transporte', 'Lisboa', 'Greve até às 10h, sempre a mesma coisa'); --5

INSERT INTO COMPLAIN (TITLE, USER_NICK, COMPLAINUP, COMPLAINDOWN, CATEGORY_TITLE, LOCAL_COMP) 
VALUES ('Cidade bonita', 'Luz', 21, -7, 'Sociedade', 'Braga'); --6

INSERT INTO COMPLAIN (TITLE, USER_NICK, COMPLAINUP, COMPLAINDOWN, CATEGORY_TITLE, LOCAL_COMP, DESCR) 
VALUES ('Salas de estudo', 'Gonçalo', 8, -1, 'Educação', 'outra', 'Nunca há salas para estudar no isel.'); --8

INSERT INTO COMPLAIN (TITLE, USER_NICK, COMPLAINUP, COMPLAINDOWN, CATEGORY_TITLE, LOCAL_COMP) 
VALUES ('O ministro é porreiro pah', 'Luz', 27, -32, 'Ensino', 'outra'); --9

INSERT INTO COMPLAIN (TITLE, USER_NICK, COMPLAINUP, COMPLAINDOWN, CATEGORY_TITLE, LOCAL_COMP, DESCR) 
VALUES ('Aqui nem barcos', 'Gonçalo', 7, -2, 'Transporte', 'Faro', 'Temos de ir a nado...'); --10

INSERT INTO COMPLAIN (TITLE, USER_NICK, COMPLAINUP, COMPLAINDOWN, CATEGORY_TITLE, LOCAL_COMP) 
VALUES ('Isto não anda fácil', 'Luis', 2, -2, 'Ensino', 'outra'); --11

INSERT INTO COMPLAIN (TITLE, USER_NICK, COMPLAINUP, COMPLAINDOWN, CATEGORY_TITLE, LOCAL_COMP) 
VALUES ('Más condições de turismo', 'Gonçalo', 15, -16, 'Sociedade', 'Faro'); --12

INSERT INTO COMPLAIN (TITLE, USER_NICK, COMPLAINUP, COMPLAINDOWN, CATEGORY_TITLE, LOCAL_COMP, DESCR) 
VALUES ('Temos falta de trabalho', 'Luz', 8, -9, 'Sociedade', 'Guarda', 'nem com o turismo isto vai'); --13

INSERT INTO COMPLAIN (TITLE, USER_NICK, COMPLAINUP, COMPLAINDOWN, CATEGORY_TITLE, LOCAL_COMP, DESCR) 
VALUES ('Poucas escolas', 'Luis', 2, -1, 'Ensino', 'Guarda', 'tudo no campo'); --14




INSERT INTO COMMENT (USER_NICK, ID_COMPLAIN, COMMENT_TEXT) 
VALUES ('Afonso', 1, 'Bem observado');

INSERT INTO COMMENT (USER_NICK, ID_COMPLAIN, COMMENT_TEXT) 
VALUES ('Luz', 1, 'Concordo isto nao é fácil');

INSERT INTO COMMENT (USER_NICK, ID_COMPLAIN, COMMENT_TEXT) 
VALUES ('Luz', 2, 'Qualquer dia acaba');

INSERT INTO COMMENT (USER_NICK, ID_COMPLAIN, COMMENT_TEXT) 
VALUES ('Gonçalo', 2, 'Já reparei nisso');

INSERT INTO COMMENT (USER_NICK, ID_COMPLAIN, COMMENT_TEXT) 
VALUES ('Luis', 3, 'No outro dia também vi, horrível');

INSERT INTO COMMENT (USER_NICK, ID_COMPLAIN, COMMENT_TEXT) 
VALUES ('Afonso', 12, 'Isto das salas');

INSERT INTO COMMENT (USER_NICK, ID_COMPLAIN, COMMENT_TEXT) 
VALUES ('Luz', 12, 'Não está fácil não');

INSERT INTO COMMENT (USER_NICK, ID_COMPLAIN, COMMENT_TEXT) 
VALUES ('Luz', 2, 'A sociedade já não é o que era');

INSERT INTO COMMENT (USER_NICK, ID_COMPLAIN, COMMENT_TEXT) 
VALUES ('Gonçalo', 6, 'Passei pelo mesmo');

INSERT INTO COMMENT (USER_NICK, ID_COMPLAIN, COMMENT_TEXT) 
VALUES ('Luis', 6, 'O Isel tem o mesmo');

INSERT INTO COMMENT (USER_NICK, ID_COMPLAIN, COMMENT_TEXT) 
VALUES ('Afonso', 9, 'E o povo pah!?');

INSERT INTO COMMENT (USER_NICK, ID_COMPLAIN, COMMENT_TEXT) 
VALUES ('Luz', 8, 'Falta de condições');

INSERT INTO COMMENT (USER_NICK, ID_COMPLAIN, COMMENT_TEXT) 
VALUES ('Luz', 13, 'Noutro país isto andava');

INSERT INTO COMMENT (USER_NICK, ID_COMPLAIN, COMMENT_TEXT) 
VALUES ('Gonçalo', 5, 'Revolução? isto está igual');

INSERT INTO COMMENT (USER_NICK, ID_COMPLAIN, COMMENT_TEXT) 
VALUES ('Luis', 10, 'Falta de imaginação');
